,0
ozone,3942
layer,615
air,588
hole,527
generator,383
therapy,382
depletion,343
quality,323
alert,320
machine,296
10,259
in,249
purifier,213
africa,132
for,123
kite,110
is,106
the,100
and,80
imager,77
to,64
vs,58
day,56
of,55
effects,53
action,50
on,48
over,48
how,47
what,45
paragliders,44
download,42
does,41
meaning,40
by,38
new,37
alpina,37
definition,37
free,36
kill,35
photon,35
kites,35
it,35
price,32
me,31
australia,31
smell,30
4,30
near,29
today,29
paraglider,28
reddit,28
ny,27
2023,27
hindi,27
antarctica,26
kayak,25
which,25
do,24
home,23
car,23
review,23
advanced,23
benefits,22
water,22
ft,22
hai,22
rental,21
izotope,20
first,20
pollution,20
uk,20
atmosphere,19
are,19
year,18
mold,18
you,18
use,18
smoke,18
safe,18
bad,18
zealand,18
2,18
disc,18
county,17
adventures,17
treatment,17
gas,17
pdf,17
elements,17
mp3,17
an,17
youtube,17
uv,16
purifiers,16
sale,16
manual,16
canada,16
standard,16
was,16
discovered,15
south,15
causes,15
effect,15
location,15
nz,14
greenhouse,14
from,14
levels,14
map,14
kya,14
crack,14
video,14
not,13
found,13
gases,13
work,13
can,13
2022,13
herniated,13
bugs,13
cost,13
a,13
good,12
no,12
where,12
time,12
songs,12
city,12
warming,12
global,12
park,12
my,12
now,12
news,12
health,12
or,11
essay,11
warning,11
upsc,11
paragliding,11
at,11
symptoms,11
worth,11
nc,11
9,11
long,11
remove,11
image,11
usa,11
upgrade,11
exposure,11
caused,11
latest,10
cleaner,10
house,10
stratosphere,10
made,10
india,10
reviews,10
pa,10
mac,10
bar,10
filter,10
ionizer,10
cause,10
facts,9
formation,9
due,9
harmful,9
plants,9
ohio,9
questions,9
answers,9
skin,9
side,9
science,9
earth,9
biology,9
mastering,9
kit,9
years,9
us,9
humans,9
your,9
dangers,9
above,8
images,8
va,8
emit,8
depot,8
size,8
climate,8
change,8
getting,8
healing,8
real,8
human,8
detected,8
update,8
x,8
quiz,8
quotes,8
nj,8
light,8
arco,8
urine,8
san,8
uses,8
zone,8
present,8
dehumanizer,8
zero,8
face,7
cigarette,7
status,7
chart,7
why,7
gliders,7
formula,7
test,7
odor,7
bed,7
working,7
explained,7
diagram,7
reaction,7
with,7
plugin,7
nyc,7
pool,7
o3,7
oxygen,7
ka,7
ki,7
national,7
level,7
up,7
notes,7
hepa,7
own,7
has,7
best,7
cleaning,7
life,6
island,6
houston,6
code,6
journal,6
kansas,6
6,6
fixed,6
produce,6
buy,6
orange,6
short,6
ppt,6
fl,6
days,6
recovery,6
be,6
pass,6
vst,6
high,6
damage,6
unit,6
urbana,6
photos,6
hair,6
edmonton,6
after,6
cash,6
used,6
repair,6
jae,6
lab,6
risks,6
dallas,6
occurs,6
falls,6
rent,6
name,6
number,6
black,6
rays,6
mean,6
refers,6
back,6
california,6
its,6
geography,6
ivation,6
3,6
environmental,6
amazon,6
sphere,6
easy,6
wikipedia,6
located,6
eq,5
many,5
ground,5
asthma,5
replacement,5
cancer,5
austin,5
md,5
environment,5
v2,5
largest,5
york,5
wiki,5
list,5
cfc,5
song,5
zipline,5
bangalore,5
graph,5
we,5
solutions,5
problem,5
world,5
zeolite,5
holes,5
consequences,5
deodorizer,5
antonio,5
levoit,5
english,5
pets,5
vancouver,5
mcq,5
parade,5
area,5
beach,5
geographic,5
when,5
michigan,5
index,5
tn,5
parts,5
nasa,5
history,5
medical,5
observed,5
picture,5
works,5
ebay,5
arctic,5
photo,5
low,5
texas,5
8,5
release,5
will,5
alternative,5
potential,5
removal,5
equation,5
natural,5
pain,5
harness,5
blood,5
electronics,5
qatar,5
quizlet,5
injections,5
iv,5
dental,5
queens,5
edge,5
enduro,4
hot,4
guide,4
gebraucht,4
closing,4
current,4
blocks,4
hunting,4
have,4
impact,4
jed,4
def,4
raleigh,4
master,4
epa,4
explanation,4
greenville,4
trainer,4
denver,4
smells,4
cat,4
system,4
gif,4
indoor,4
&,4
chicago,4
london,4
hairspray,4
eliminator,4
stereo,4
sc,4
results,4
breathe,4
lines,4
baby,4
products,4
standalone,4
card,4
ontario,4
phoenix,4
cons,4
pros,4
tutorial,4
version,4
match,4
serial,4
north,4
been,4
di,4
mice,4
carbon,4
market,4
wash,4
make,4
while,4
washington,4
tx,4
state,4
plates,4
virginia,4
parat,4
que,4
safety,4
jacksonville,4
detailing,4
types,4
before,4
vintage,4
description,4
lies,4
like,4
dogs,4
report,4
mi,4
logo,4
indiana,4
sentence,4
words,4
music,4
model,4
tagalog,4
planet,4
saved,4
then,4
non,4
means,4
wing,4
room,4
youth,4
dyson,4
restoring,4
class,4
nitrogen,4
between,4
purpose,4
kid,4
fort,4
timeline,4
jasmine,4
spa,4
thickness,4
ms,4
tropics,4
valley,4
june,4
value,4
difference,4
user,3
project,3
getintopc,3
usage,3
date,3
pyranha,3
mixing,3
cream,3
game,3
united,3
odors,3
states,3
company,3
poster,3
tulsa,3
hyperbaric,3
quebec,3
teeth,3
quartz,3
plug,3
control,3
native,3
chemistry,3
walmart,3
bag,3
tampa,3
toronto,3
slideshare,3
assistant,3
closed,3
kong,3
friday,3
note,3
treaty,3
trial,3
hong,3
worksheet,3
shop,3
rochester,3
windows,3
glider,3
preis,3
did,3
forum,3
last,3
usato,3
compressor,3
hours,3
ultraviolet,3
singapore,3
summary,3
right,3
dehumidifier,3
comparison,3
winnipeg,3
per,3
get,3
urdu,3
meme,3
gl-3189a,3
tub,3
most,3
pole,3
dog,3
they,3
live,3
valve,3
commercial,3
basement,3
following,3
better,3
dc,3
gone,3
reason,3
monitor,3
vape,3
pen,3
bunnings,3
hain,3
protect,3
shrinking,3
structure,3
kis,3
km,3
kuwait,3
ozonator,3
rid,3
jss3,3
grade,3
hire,3
pregnant,3
wisconsin,3
lungs,3
body,3
lamp,3
protection,3
lowes,3
measured,3
one,3
height,3
drawing,3
termites,3
data,3
space,3
roaches,3
seen,3
jobyna,3
smaller,3
oil,3
ltd,3
radiation,3
apartment,3
brainpop,3
ncert,3
destroyed,3
instructions,3
sources,3
run,3
substances,3
example,3
vegetable,3
pregnancy,3
rush,3
swimming,3
winix,3
boston,3
ionic,3
affect,3
kaufen,3
without,3
soap,3
facial,3
cleaners,3
calgary,3
germany,3
loss,3
pakistan,3
arkansas,3
bigger,3
los,3
angeles,3
spray,3
ma,3
chemicals,3
1,3
service,3
purification,3
grand,3
albuquerque,3
ireland,3
rapids,3
sick,3
green,3
detroit,3
disease,3
jakarta,3
blaster,3
hotel,3
pittsburgh,3
refrigerants,3
zeno,3
prevention,3
v1,3
renewal,3
herpes,3
maryland,3
that,3
concentration,3
reference,3
all,3
wi,3
swift,3
snow,3
washing,3
village,3
oregon,3
ct,3
niyeseko,3
pump,3
xbox,3
ambient,3
large,3
dubai,3
standards,3
ky,3
effectiveness,3
chemical,3
activity,3
knee,3
i,3
rectal,3
tasmania,2
season,2
theory,2
statistics,2
recent,2
b6,2
problems,2
solution,2
were,2
reduction,2
east,2
dragostea,2
bmw,2
vortex,2
el,2
directions,2
evergreens,2
tire,2
cincinnati,2
bedroom,2
pollutants,2
illinois,2
celebrated,2
aquarium,2
box,2
region,2
plunge,2
mn,2
buffalo,2
boat,2
minneapolis,2
ozonizzatore,2
cold,2
baltimore,2
enzo,2
al,2
canadian,2
ozonowanie,2
circuit,2
colorado,2
trento,2
cleveland,2
scale,2
presets,2
polar,2
charlie,2
treviso,2
tolo,2
sanblas,2
rules,2
kayaks,2
group,2
radiance,2
www.ozone,2
kent,2
non-ozone,2
glo,2
pack,2
more,2
pronounced,2
tennessee,2
m9,2
boy,2
know,2
mbunga,2
nipepe,2
jobs,2
love,2
jay,2
eye,2
changer,2
ice,2
never,2
italia,2
bamba,2
bye,2
hardware,2
bless,2
come,2
times,2
bizzy,2
living,2
emission,2
paso,2
headache,2
syracuse,2
weather,2
myth,2
protocol,2
orleans,2
milwaukee,2
team,2
movie,2
article,2
greensboro,2
bay,2
nobel,2
prize,2
phenomenon,2
frederick,2
fairfax,2
happened,2
big,2
hoax,2
ulster,2
discussion,2
biggest,2
oxides,2
temperature,2
countries,2
coway,2
mini,2
evolution,2
europe,2
blue,2
alpine,2
around,2
dance,2
declared,2
yonkers,2
howard,2
slipped,2
pressure,2
greatest,2
powered,2
because,2
concern,2
dealers,2
deutschland,2
delta,2
activities,2
go,2
ai,2
paramotor,2
responsible,2
parapente,2
flow,2
introduction,2
law,2
view,2
brasil,2
articles,2
much,2
about,2
t,2
place,2
summit,2
scrubber,2
rate,2
pictures,2
hose,2
xtreme,2
xiaomi,2
ks2,2
facebook,2
aura,2
buzz,2
arc,2
coffee,2
türkiye,2
conclusion,2
power,2
harbor,2
our,2
os,2
gratis,2
help,2
neutron,2
access,2
victor,2
ableton,2
books,2
installation,2
instruments,2
de,2
multiband,2
komplete,2
limiter,2
logic,2
gearspace,2
cottesloe,2
features,2
wa,2
halogens,2
bundle,2
chlorofluorocarbons,2
boutique,2
zip,2
tape,2
beaumaris,2
locker,2
compatibility,2
coupon,2
requirements,2
cpu,2
bike,2
discount,2
full,2
auto,2
tips,2
elite,2
testbericht,2
depleting,2
store,2
clinic,2
country,2
crawl,2
jacuzzi,2
jr,2
pure,2
significa,2
photosynthesis,2
fleas,2
produced,2
essai,2
photochemical,2
photolysis,2
avis,2
dangerous,2
industrial,2
bath,2
form,2
occasion,2
tank,2
grow,2
hyperlink,2
reo,2
garage,2
foil,2
explore,2
spare,2
bladder,2
hs,2
pro,2
there,2
max,2
hazards,2
spiders,2
mites,2
ziad,2
northern,2
clean,2
precautions,2
principle,2
portable,2
pest,2
pet,2
poisoning,2
tube,2
quietest,2
medieval,2
karya,2
para,2
ke,2
sign,2
glass,2
operation,2
vapor,2
longevity,2
ac,2
imaging,2
leather,2
5,2
leaking,2
laundry,2
descargar,2
clothing,2
manufacturers,2
maintenance,2
menards,2
shoreditch,2
acid,2
red,2
warnings,2
negative,2
vedantu,2
rentals,2
vocabulary,2
root,2
prolozone,2
victoria,2
utah,2
through,2
turkey,2
thailand,2
tucson,2
seattle,2
rhode,2
pharmacy,2
richmond,2
canal,2
research,2
old,2
treatments,2
queensland,2
quackery,2
portland,2
philadelphia,2
perth,2
oklahoma,2
florida,2
omaha,2
okc,2
ottawa,2
orlando,2
street,2
advantages,2
netherlands,2
maximizer,2
plan,2
lesson,2
length,2
kitni,2
motai,2
kahate,2
kise,2
kahulugan,2
mandal,2
job,2
hota,2
growing,2
molecule,2
disadvantages,2
mountain,2
neem,2
numa,2
showing,2
distance,2
inc,2
convention,2
background,2
being,2
byju's,2
importance,2
absorbs,2
nashville,2
nhs,2
tamil,2
cervical,2
covered,2
cure,2
columbus,2
charlotte,2
cape,2
birmingham,2
sauna,2
auckland,2
atlanta,2
xd,2
helmet,2
zephyr,2
herniation,2
debunked,2
yacht,2
hydrant,2
avenue,2
backpack,2
alps,2
xlm,2
xxlite,2
watch,2
weed,2
prices,2
ventures,2
xc,2
submarine,2
during,2
quest,2
knoxville,2
massachusetts,2
quezon,2
montreal,2
qt,2
melbourne,2
malaysia,2
la,2
lafayette,2
louisville,2
thunder,2
liverpool,2
hoti,2
jersey,2
equipment,2
karachi,2
lahore,2
dentistry,2
hyderabad,2
georgia,2
guidelines,2
greece,2
coast,2
weight,2
horses,2
wound,2
evidence,2
marathi,2
oya,2
surface,2
examples,2
2020,2
simple,2
magnetic,2
range,2
jacket,2
telugu,2
field,2
reading,2
america,2
topic,2
jaipur,2
spares,1
wind,1
zoology,1
race,1
stunt,1
device,1
switzerland,1
technical,1
subzero,1
surfboard,1
riders,1
2.5,1
surfing,1
created,1
uno,1
1.5,1
yakuza,1
nicht,1
startet,1
packing,1
xs,1
ml,1
supplies,1
17m,1
wave,1
shirt,1
kiting,1
voile,1
alpha,1
ventil,1
videos,1
vietnam,1
pumpe,1
r1,1
planche,1
dublin,1
handles,1
barr,1
znaczy,1
erectile,1
fr,1
dysfunction,1
frenzy,1
finland,1
edinburgh,1
v10,1
edenvale,1
v3,1
relaxer,1
v11,1
depower,1
caisson,1
chrono,1
cult,1
epstein,1
instagram,1
preço,1
israel,1
b3,1
4-line,1
durango,1
adapter,1
polska,1
moths,1
co,1
octane,1
norge,1
nederland,1
method,1
manufacturer,1
leinen,1
land,1
ignition,1
instinct,1
imp,1
zones,1
s,1
durban,1
(naaqs),1
bloemfontein,1
5pm,1
fill,1
tomorrow,1
iris,1
symbol,1
diabetes,1
2015,1
dentist,1
sensor,1
smog,1
town,1
poor,1
associated,1
their,1
lounge,1
bangkok,1
binghamton,1
brooklyn,1
bali,1
cod,1
wildfires,1
colors,1
abu,1
dhabi,1
kidney,1
broome,1
bronx,1
bucks,1
babies,1
sports,1
brisbane,1
rouge,1
baton,1
bergen,1
tropospheric,1
course,1
madison,1
r1v3,1
monza,1
laser,1
services,1
circle,1
cd,1
organic,1
arcade,1
insurance,1
frontera,1
arcos,1
gmb,1
z5,1
zertifizierung,1
start,1
custom,1
opening,1
arizona,1
predicts,1
wasp,1
regeneration,1
skybar,1
contraindications,1
who,1
damages,1
measure,1
aqi,1
criteria,1
berlin,1
serious,1
ozone/air,1
restored,1
dhanbad,1
advisory,1
30,1
c4,1
kleinanzeigen,1
ceny,1
yilmak,1
using,1
authorization,1
4download,1
dots,1
residence,1
stereoize,1
structures,1
winery,1
bit,1
resonance,1
quinto,1
transplant,1
vanderbijlpark,1
honolulu,1
vegetables,1
washer,1
32,1
chomikuj,1
speed,1
scholar,1
sieve,1
скачать,1
vocals,1
srl,1
sides,1
recover,1
google,1
phase,1
mono,1
ms処理,1
mode,1
使い方,1
gainesville,1
carlton,1
ritz,1
look,1
hydroxyl,1
food,1
hocatt,1
jeanologia,1
flies,1
lice,1
illegal,1
periodontics,1
beetles,1
carpet,1
ants,1
don,1
toxic,1
jon,1
scrub,1
freight,1
out,1
garments,1
gate,1
islamabad,1
killer,1
lyme,1
delhi,1
musty,1
tiens,1
small,1
skunk,1
sunbelt,1
hamilton,1
queenaire,1
qk,1
fumes,1
paint,1
pick,1
recensioni,1
namco,1
making,1
chennai,1
makes,1
trim,1
risers,1
catalyst,1
needs,1
second,1
reduced,1
hike,1
policy,1
pics,1
points,1
happen,1
occurred,1
eugene,1
eczema,1
eboo,1
noticeable,1
massive,1
fertility,1
larger,1
heat,1
still,1
spanish,1
geneva,1
encinitas,1
kites.com,1
belgium,1
autoimmune,1
blizzard,1
bulgaria,1
buggy,1
egypt,1
board,1
impacts,1
france,1
headquarters,1
slip,1
equine,1
disk,1
lumbar,1
dioxide,1
hemisphere,1
gets,1
grows,1
residenza,1
proton,1
prix,1
reserve,1
hv,1
materials,1
recreation,1
flower,1
gilbert,1
false,1
erfahrungen,1
az,1
ozone.bf,1
pagaie,1
kayak-leos,1
photodissociation,1
george,1
glasgow,1
hospital,1
specs,1
stubai,1
fridges,1
forming,1
fda,1
freshener,1
galleria,1
offerte,1
declining,1
cartoon,1
continent,1
needed,1
behavior,1
sinuses,1
role,1
gold,1
paraspruzzi,1
defined,1
synonym,1
delaware,1
uvc,1
camp,1
ymca,1
indore,1
karnataka,1
zeny,1
vi,1
vollara,1
doesn't,1
contact,1
trilink,1
technology,1
systems,1
refrigerator,1
rainbow,1
purify,1
plasmawave,1
kern,1
oxyzone,1
width,1
timings,1
environmentozone,1
troposphere,1
x5000,1
manyando,1
lilato,1
xativa,1
jemax,1
positive,1
adventure,1
adventures',1
miniwing,1
jumping,1
bungee,1
exoceat,1
drive,1
coimbatore,1
flair,1
produces,1
oransi,1
edenpure,1
formaldehyde,1
hvac,1
shark,1
xt16,1
heights,1
yaba,1
ecoquest,1
pavilion,1
oreck,1
desktop,1
in-duct,1
yoga,1
daikin,1
plots,1
disinfection,1
duct,1
faraday,1
throw-n-go,1
humidifier,1
healthy,1
ozonlife,1
pco,1
platinum,1
ozonex,1
safest,1
mildew,1
controller,1
lennox,1
tellapur,1
emf,1
leaf,1
madrid,1
sharper,1
household,1
honeywell,1
jah,1
letter,1
aqua,1
folofolo,1
ghana,1
girl,1
only,1
god,1
vox,1
snoop,1
jammy,1
jumble,1
hit,1
mumble,1
add,1
femme,1
sa,1
et,1
magita,1
charging,1
creation,1
http,1
ex,1
rich,1
martha,1
waka,1
moya,1
latino,1
likoko,1
lilama,1
y,1
kwaito,1
//ozone,1
mp4,1
jolly,1
it's,1
villas,1
say,1
viper,1
man,1
fisherman,1
2021,1
dj,1
rink,1
archive,1
ck,1
alpharianto,1
alifatiq,1
useful,1
arthur,1
alive,1
age,1
think,1
away,1
aikona,1
wellness,1
xpress,1
gee,1
under,1
white,1
wf48,1
again,1
kalwa,1
boma,1
remix,1
vayu,1
confirm,1
call,1
corona,1
choose,1
birthday,1
happy,1
beat,1
bobby,1
hettich,1
buyer,1
mind,1
blow,1
vodka,1
create,1
ultrashock,1
dayton,1
7,1
korea,1
kalamazoo,1
kentucky,1
kcmo,1
johnson,1
jackson,1
jamestown,1
jefferson,1
kingston,1
evening,1
refuel,1
hershey,1
huntsville,1
hillsborough,1
hudson,1
roads,1
kc,1
kingsport,1
iphone,1
minnesota,1
thinning,1
nh,1
wallpaper,1
memphis,1
maine,1
missouri,1
absorb,1
loudoun,1
killeen,1
lansing,1
laurel,1
lehigh,1
louisiana,1
lancaster,1
ks,1
wichita,1
hampton,1
zipp,1
thick,1
adalah,1
forecast,1
adelaide,1
exercise,1
edison,1
easton,1
claire,1
eau,1
breast,1
horseheads,1
elmira,1
erie,1
ending,1
evansville,1
pediatric,1
durham,1
duluth,1
2000,1
situated,1
fairbanks,1
ak,1
zaragoza,1
harrisburg,1
allen,1
glen,1
germantown,1
significance,1
genesee,1
gaithersburg,1
groton,1
mayo,1
traduzione,1
cured,1
signature,1
sunscreen,1
wayne,1
oswego,1
oneida,1
comfort,1
designed,1
likely,1
signal,1
occur,1
kinetics,1
holland,1
feedbacks,1
yu,1
ozone+day,1
programme,1
gi,1
whats,1
oh,1
feedback,1
scdhec,1
yellow,1
ultralite,1
tceq,1
hr,1
onondaga,1
bionaire,1
c545,1
unique,1
didn't,1
cashido,1
cheap,1
creates,1
breville,1
nail,1
yanbu,1
fresh,1
bci,1
based,1
adjustable,1
aldious,1
anion,1
polish,1
yesterday,1
woodbridge,1
wilmington,1
ride,1
sensitive,1
suffolk,1
trampoline,1
louis,1
st,1
running,1
rome,1
español,1
watertown,1
en,1
purple,1
philly,1
ri,1
providence,1
gt,1
oakland,1
groups,1
sore,1
throat,1
twin,1
worcester,1
westchester,1
driving,1
valencia,1
vienna,1
vt,1
vermont,1
union,1
tuscany,1
until,1
upstate,1
utica,1
thursday,1
toledo,1
cities,1
grainger,1
bio,1
death,1
100,1
module,1
yeast,1
ma5000,1
infection,1
prevents,1
tired,1
litter,1
detox,1
removing,1
lingering,1
give,1
lawsuit,1
energy,1
laboratory,1
zurich,1
lung,1
entering,1
olive,1
za,1
tool,1
outdoor,1
overnight,1
west,1
output,1
concentrator,1
tesla,1
nikola,1
palm,1
nitric,1
napa,1
necklace,1
furnace,1
nicotine,1
whangarei,1
noise,1
breastfeeding,1
lifespan,1
kills,1
color,1
broken,1
jaguars,1
fridge,1
owens,1
wavelength,1
other,1
breaking,1
pvt,1
11,1
earths,1
crisis,1
overseas,1
naaqs,1
composition,1
colour,1
co2,1
consists,1
jaycar,1
altitude,1
kc3500,1
oroville,1
percent,1
dust,1
preservation,1
insects,1
janakpuri,1
organics,1
osawatomie,1
jó,1
203,1
mire,1
jelight,1
103,1
jandy,1
303,1
jenesco,1
depleted,1
ozonia,1
osha,1
open,1
xylem,1
ozone-generator,1
xeoleo,1
training,1
6000,1
xt,1
digital,1
testimonials,1
whole,1
of-10-ylw,1
moisturizer,1
cinema,1
tinnitus,1
voc,1
chlorine,1
earth's,1
voltage,1
build,1
young,1
wellington,1
zotzmann,1
atom,1
santa,1
z6,1
barbara,1
salt,1
lake,1
zokop,1
z,1
ne,1
ziss,1
zontec,1
zauba,1
zapper,1
bug,1
yarar,1
işe,1
venturi,1
wagholi,1
miracle,1
varicose,1
veterinary,1
supplier,1
chemotherapy,1
vaughan,1
flux,1
prp,1
bangladesh,1
veins,1
medicine,1
bc,1
vitiligo,1
nigeria,1
online,1
aligarh,1
operating,1
tubs,1
quantum,1
qtt,1
625,1
chamber,1
animation,1
byjus,1
pharmaceuticals,1
transformer,1
shoes,1
ubud,1
calculator,1
cafe,1
uae,1
ruined,1
reef,1
umhlanga,1
serve,1
sirve,1
uti,1
generators,1
night,1
curry,1
2011,1
antarctic,1
layer.hole,1
satellite,1
initially,1
electric,1
-,1
volume,1
jaati,1
develops,1
growth,1
lapse,1
kahan,1
paya,1
jata,1
scooter,1
feltre,1
payi,1
each,1
jones,1
acqua,1
fumigation,1
domu,1
jokes,1
pt,1
castello,1
un,1
acceptable,1
nome,1
express,1
testi,1
è,1
chi,1
genius,1
mein,1
kaha,1
exactly,1
recovered,1
into,1
clipart,1
edibles,1
kns,1
measurements,1
sun's,1
keeps,1
kitchen,1
maximum,1
decrease,1
may,1
looks,1
lie,1
tatparya,1
kisne,1
khoj,1
jankari,1
measurement,1
jpg,1
sutra,1
transcript,1
conversion,1
kolkata,1
oasis,1
repaired,1
quotation,1
pbs,1
patched,1
position,1
progress,1
pic,1
emissions,1
kaise,1
study,1
case,1
banti,1
appears,1
molecules,1
unchai,1
firstly,1
knox,1
jak,1
check,1
explain,1
units,1
cleanser,1
disco,1
dkm-10gy,1
diy,1
issues,1
companies,1
mouse,1
function,1
documentary,1
kids,1
tech,1
bandcamp,1
o-zone,1
founder,1
dead,1
plymouth,1
działa,1
networks,1
obsługi,1
instrukcja,1
characteristics,1
tent,1
requires,1
condition,1
gasoline,1
discovery,1
enerzen,1
nucleolysis,1
dobson,1
rubber,1
naturals,1
exists,1
efficiency,1
electrode,1
formed,1
bathtub,1
forms,1
ozonu,1
graphic,1
gap,1
theme,1
leotards,1
lewis,1
zraka,1
wody,1
wdychanie,1
naturally,1
uboczne,1
skutki,1
pomieszczeń,1
szkodliwość,1
ozon,1
normal,1
damaged,1
jeans,1
argos,1
disposable,1
tan,1
business,1
filters,1
manay,1
brands,1
bulb,1
din,1
tei,1
upper,1
mitra,1
thinner,1
d,1
alibaba,1
conditioner,1
ace,1
aliexpress,1
atlantic,1
acro,1
chase,1
legal,1
vegas,1
ions,1
sconto,1
rescue,1
singoli,1
bibliography,1
usati,1
key,1
waterloo,1
answer,1
leicester,1
apes,1
rain,1
zona,1
lymphoma,1
audio,1
las,1
analysis,1
what's,1
figure,1
substitution,1
radical,1
dummies,1
frq,1
file,1
fix,1
identified,1
fun,1
5e,1
codice,1
factors,1
krugersdorp,1
kitchener,1
ecosystems,1
marine,1
ap,1
m,1
fabfilter,1
sacramento,1
dee,1
joint,1
track,1
greens,1
6011,1
lynn,1
paradise,1
bg,1
trigg,1
rutracker,1
mumbai,1
band,1
software,1
package,1
miami,1
ventura,1
itself,1
reaper,1
reverb,1
uninstall,1
tone,1
uninstaller,1
tusker,1
abbigliamento,1
peak,1
true,1
emphasis,1
transient,1
dsp27,1
rx,1
subscription,1
splice,1
shaper,1
spectral,1
lexington,1
branford,1
rd,1
kauai,1
restricts,1
released,1
uncovering,1
vehicles,1
johor,1
virtual,1
understanding,1
unknown,1
hazard,1
hidden,1
bahru,1
would,1
takes,1
slogans,1
jeddah,1
steps,1
speech,1
refrigerant,1
regulations,1
variations,1
magnify,1
source,1
fire,1
joints,1
basic,1
yo,1
roofing,1
johannesburg,1
allergies,1
cats,1
alternatives,1
production,1
zimbabwe,1
define,1
previous,1
experiment,1
webquest,1
biomagnification,1
website,1
remedies,1
jupiter,1
paper,1
mostly,1
rapidos,1
maps,1
visible,1
lumpur,1
widely,1
occurring,1
mainly,1
type,1
reasons,1
cfcs,1
happens,1
resulted,1
kenya,1
prevent,1
kelowna,1
ayurvedics,1
h,1
rapido,1
leads,1
license,1
stout,1
process,1
restaurant,1
jose,1
these,1
oxide,1
newspaper,1
artificial,1
kannada,1
malayalam,1
bengali,1
mechanism,1
book,1
log,1
laws,1
oversampling,1
+,1
sterilization,1
vulcan,1
bleach,1
jati,1
breakin,1
belfast,1
wings,1
fast,1
vimeo,1
pai,1
legitimate,1
22,1
top,1
tandem,1
quizizz,1
t-shirt,1
spyder,1
session,1
stabilizer,1
pik,1
pretoria,1
port,1
pune,1
inflatable,1
clipper,1
prostate,1
ave,1
protocols,1
oes-bas-10,1
than,1
egg,1
balance,1
tonal,1
elizabeth,1
whitewater,1
quotations,1
qld,1
jahra,1
schweiz,1
spring,1
roadrunner,1
pizza,1
element,1
off,1
take,1
reno,1
sydney,1
diego,1
com,1
burger,1
r11,1
fitness,1
studies,1
scotland,1
stay,1
sarasota,1
lobster,1
francisco,1
factory,1
protects,1
jojo,1
regina,1
quran,1
rucksack,1
jlink,1
floor,1
ppg,1
randburg,1
radiology,1
mojo,1
m7,1
moxie,1
lm5,1
brewery,1
line,1
kopen,1
far,1
crashing,1
compare,1
italy,1
14,1
monsoon,1
focus,1
end,1
bv1,1
kg,1
kvar,1
keygen,1
ncbi,1
ozo,1
toner,1
junio,1
carolina,1
install,1
won't,1
installing,1
error,1
lufs,1
naples,1
dynamic,1
quenching,1
4download.net,1
mississauga,1
chain,1
grey,1
gym,1
modules,1
rebalance,1
loaded,1
latency,1
could,1
loud,1
too,1
landr,1
newcastle,1
threshold,1
learn,1
billiards,1
newport,1
queenscliff,1
student,1
studio,1
stress,1
joes,1
demo,1
education,1
osteoporosis,1
exciter,1
prodotti,1
nottingham,1
philippines,1
distortion,1
documentation,1
dither,1
procedure,1
dynamics,1
oz,1
oxidative,1
osteoarthritis,1
gain,1
gearslutz,1
everyday,1
modes,1
irc,1
hhx,1
heads,1
barwon,1
road,1
repairing,1
orari,1
qualities,1
sierra,1
ec-10,1
gullfoss,1
oakville,1
orthobullets,1
kuala,1
